Year,Month,Day,Open,High,Low,Close,Volume,Adjusted,Rolling_Mean,Standard_dev,upper,lower,indicator
2010,12,31,596.74,598.42,592.03,593.97,1539300,593.97,593.9035,8.1802330909,602.0837330909,585.7232669091,0.0081293527
2010,12,30,598,601.33,597.39,598.86,989500,598.86,592.796,9.554699808,602.350699808,583.241300192,0.6346614883
2010,12,29,602,602.41,598.92,601,1019200,601,591.0705,11.3494940648,602.4199940648,579.7210059352,0.8748848137
2010,12,28,602.05,603.87,598.01,598.92,1064800,598.92,588.806,13.5658628841,602.3718628841,575.2401371159,0.7455478569
2010,12,27,602.74,603.78,599.5,602.38,1208100,602.38,587.9655,13.4262796019,601.3917796019,574.5392203981,1.0736034425
2010,12,23,605.34,606,602.03,604.23,1110800,604.23,587.3465,13.0055309186,600.3520309186,574.3409690814,1.2981784524
2010,12,22,604,607,603.28,605.49,1207500,605.49,586.8835,12.5289363076,599.4124363076,574.3545636924,1.4850821764
2010,12,21,598.57,604.72,597.61,603.07,1879500,603.07,585.7595,11.7563986945,597.5158986945,574.0031013055,1.4724322005
2010,12,20,594.65,597.88,588.66,595.06,1973300,595.06,585.167,11.1194183396,596.2864183396,574.0475816604,0.8897048117
2010,12,17,591,592.56,587.67,590.8,3087100,590.8,584.9555,10.960434334,595.915934334,573.995065666,0.5332361676
2010,12,16,592.85,593.77,588.07,591.71,1596900,591.71,585.2435,11.1952495917,596.4387495917,574.0482504083,0.5776110615
2010,12,15,594.2,596.45,589.15,590.3,2167700,590.3,584.8355,11.0954274484,595.9309274484,573.7400725516,0.4925001786
2010,12,14,597.09,598.29,592.48,594.91,1643300,594.91,584.5065,11.0221796846,595.5286796846,573.4843203154,0.9438695701
2010,12,13,597.12,603,594.09,594.62,2398500,594.62,584.5345,11.0506734613,595.5851734613,573.4838265387,0.9126593085
2010,12,10,593.14,593.99,590.29,592.21,1704700,592.21,584.968,11.6223996979,596.5903996979,573.3456003021,0.6231071197
2010,12,9,593.88,595.58,589,591.5,1868900,591.5,586.217,13.6133332861,599.8303332861,572.6036667139,0.3880754176
2010,12,8,591.97,592.52,583.69,590.54,1756900,590.54,587.786,15.8747801974,603.6607801974,571.9112198026,0.173482717
2010,12,7,591.27,593,586,587.14,3042200,587.14,589.5,17.9081589756,607.4081589756,571.5918410244,-0.1317835074
2010,12,6,580.57,582,576.61,578.36,2093800,578.36,591.4815,19.7328172489,611.2143172489,571.7486827511,-0.664958269
2010,12,3,569.45,576.48,568,573,2631200,573,593.8175,20.8324708278,614.6499708278,572.9850291722,-0.9992813705
2010,12,2,568.66,573.33,565.35,571.82,2547900,571.82,596.381,21.2855285408,617.6665285408,575.0954714592,-1.1538825523
2010,12,1,563,571.57,562.4,564.35,3754100,564.35,598.799,21.0945440439,619.8935440439,577.7044559561,-1.633076303
2010,11,30,574.32,574.32,553.31,555.71,7117400,555.71,601.3615,19.7601777307,621.1216777307,581.6013222693,-2.3102778033
2010,11,29,589.17,589.8,579.95,582.11,2859700,582.11,604.326,16.7724898193,621.0984898193,587.5535101808,-1.3245499171
2010,11,26,590.46,592.98,587,590,1311100,590,605.9055,16.0417821149,621.9472821149,589.8637178851,-0.9915045527
2010,11,24,587.31,596.6,587.05,594.97,2396400,594.97,607.3345,15.8217935889,623.1562935889,591.5127064111,-0.7814853563
2010,11,23,587.01,589.01,578.2,583.01,2162600,583.01,608.4095,15.6671259834,624.0766259834,592.7423740166,-1.6211971505
2010,11,22,587.47,593.44,582.75,591.22,2186600,591.22,610.189,14.6163160093,624.8053160093,595.5726839907,-1.2977962428
2010,11,19,597,597.89,590.34,590.83,2297500,590.83,611.453,13.9682893124,625.4212893124,597.4847106876,-1.4764155824
2010,11,18,589,599.98,588.56,596.56,2590000,596.56,612.538,13.0977224215,625.6357224215,599.4402775785,-1.2199067506
2010,11,17,585,589.5,581.37,583.55,2442500,583.55,613.3095,12.5500176033,625.8595176033,600.7594823967,-2.3712715743
2010,11,16,592.76,597.89,583.45,583.72,3307400,583.72,614.531,10.5268838294,625.0578838294,604.0041161706,-2.9268870541
2010,11,15,603.08,604,594.05,595.47,3478900,595.47,615.7365,7.8539680048,623.5904680048,607.8825319952,-2.5804154012
2010,11,12,613.99,616.9,601.21,603.29,3393000,603.29,616.8485,6.242655706,623.091155706,610.605844294,-2.1719121859
2010,11,11,619.7,619.85,614.21,617.19,2261600,617.19,616.7565,6.4626695437,623.2191695437,610.2938304563,0.0670775439
2010,11,10,622.08,623,617.51,622.88,2497000,622.88,612.9435,18.1401657495,631.0836657495,594.8033342505,0.5477623599
2010,11,9,630,630.85,620.51,624.82,2237200,624.82,608.9645,23.7166174199,632.6811174199,585.2478825801,0.6685396876
2010,11,8,624.02,629.49,623.13,626.77,2101300,626.77,604.793,27.7715955041,632.5645955041,577.0214044959,0.7913481239
2010,11,5,623.18,625.49,621.11,625.08,1765700,625.08,600.3965,30.8938711815,631.2903711815,569.5026288185,0.7989772423
2010,11,4,624.64,629.92,622.1,624.27,3570800,624.27,595.96,33.4295981367,629.3895981367,562.5304018633,0.846854332
2010,11,3,617.5,621.83,613.5,620.18,3380500,620.18,591.247,35.7895321509,627.0365321509,555.4574678491,0.8084207382
2010,11,2,618.67,620,614.58,615.6,1997600,615.6,586.9555,37.2535637963,624.2090637963,549.7019362037,0.7689063027
2010,11,1,615.73,620.66,611.21,615,3087100,615,583.087,38.1293459438,621.2163459438,544.9576540562,0.8369668876
2010,10,29,617.07,619,612.99,613.7,2278300,613.7,578.4545,39.6460895364,618.1005895364,538.8084104636,0.8890031883
2010,10,28,620.05,621,613.3,618.58,2184300,618.58,574.0505,40.4095941546,614.4600941546,533.6409058454,1.1019536556
2010,10,27,615.77,620,612.33,616.47,2241900,616.47,569.411,40.3546586237,609.7656586237,529.0563413763,1.1661354997
2010,10,26,613.1,621.23,611.03,618.6,2512900,618.6,564.972,39.7845969401,604.7565969401,525.1874030599,1.3479588616
2010,10,25,615.59,624.74,614.97,616.5,3158400,616.5,560.4005,38.5312760829,598.9317760829,521.8692239171,1.4559471085
2010,10,22,611.92,614.82,610.05,612.53,2256100,612.53,556.096,36.6995104513,592.7955104513,519.3964895487,1.5377316838
2010,10,21,611.51,616,606,611.99,2920500,611.99,551.834,34.6956114926,586.5296114926,517.1383885074,1.7338215818
2010,10,20,608.14,617.38,607.5,607.98,3525100,607.98,546.9085,32.6375612277,579.5460612277,514.2709387723,1.871202924
2010,10,19,608.85,614.82,602.86,607.83,4587900,607.83,542.3095,29.9487183585,572.2582183585,512.3607816415,2.1877563913
2010,10,18,600.55,619.69,600.55,617.71,7098200,617.71,537.591,26.2935471171,563.8845471171,511.2974528829,3.0470974359
2010,10,15,599.27,601.64,591.6,601.45,14824800,601.45,532.1195,19.1627326024,551.2822326024,512.9567673976,3.6179860899
2010,10,14,544.18,545.25,537.11,540.93,6634100,540.93,526.5545,13.2035328107,539.7580328107,513.3509671893,1.0887616372
2010,10,13,547,547.49,542.33,543.3,3055600,543.3,523.561,16.2159862319,539.7769862319,507.3450137681,1.2172555969
2010,10,12,540.12,545.99,537.79,541.39,3753600,541.39,520.428,18.1404989196,538.5684989196,502.2875010804,1.1555360243
2010,10,11,538.48,544.6,537.17,538.84,2626300,538.84,517.38,19.5031776088,536.8831776088,497.8768223912,1.1003335164
2010,10,8,532.77,537.6,527.62,536.35,2859200,536.35,514.5515,20.3123984111,534.8638984111,494.2391015889,1.0731622903
2010,10,7,536.21,537.2,529.14,530.01,2395800,530.01,511.541,21.3471107129,532.8881107129,490.1938892871,0.8651756319
2010,10,6,539.26,539.95,529.94,534.35,2762300,534.35,508.8495,22.2695171585,531.1190171585,486.5799828415,1.1450854466
2010,10,5,528.38,540,526.55,538.23,3507100,538.23,505.661,22.9801344186,528.6411344186,482.6808655814,1.417267602
2010,10,4,524.95,528.25,518.85,522.35,1940500,522.35,501.9695,23.3990911823,525.3685911823,478.5704088177,0.8709953665
2010,10,1,530,530.62,523,525.62,2225000,525.62,499.367,23.9021736735,523.2691736735,475.4648263266,1.0983519892
2010,9,30,529.16,531.87,518.92,525.79,3244100,525.79,496.245,24.3659658022,520.6109658022,471.8790341978,1.2125519768
2010,9,29,527.85,532.94,524.71,527.69,2172200,527.69,492.972,24.5839433264,517.5559433264,468.3880566736,1.4122225853
2010,9,28,533.48,533.59,518.45,527.17,3654700,527.17,489.0885,24.9430281948,514.0315281948,464.1454718052,1.5267392436
2010,9,27,528.85,536.85,528.85,530.41,3107400,530.41,485.3645,24.5144695135,509.8789695135,460.8500304865,1.8375066193
2010,9,24,521.74,527.83,518.26,527.29,3356900,527.29,481.7855,22.753857851,504.539357851,459.031642149,1.9998586744
2010,9,23,514.61,519.69,511.3,513.48,2317400,513.48,477.97,21.0565421763,499.0265421763,456.9134578237,1.6864117433
2010,9,22,512.86,517.78,511.68,516,2537100,516,475.027,19.9145791874,494.9415791874,455.1124208126,2.0574373987
2010,9,21,509.68,519.98,508.91,513.46,4466300,513.46,471.7965,18.0735591331,489.8700591331,453.7229408669,2.305218341
2010,9,20,492.5,510.41,492.06,508.28,4403500,508.28,469.327,15.2320648979,484.5590648979,454.0949351021,2.5573026547
2010,9,17,483.75,491.2,481.18,490.15,5641600,490.15,467.014,12.2202525601,479.2342525601,454.7937474399,1.8932505598
2010,9,16,479.95,482.45,479.41,481.06,1969500,481.06,465.905,10.9506036844,476.8556036844,454.9543963156,1.3839419667
2010,9,15,479.95,481.89,478.5,480.64,2402800,480.64,465.9595,11.0324051274,476.9919051274,454.9270948726,1.3306708583
2010,9,14,482.01,484.75,480.08,480.43,2216500,480.43,466.4535,11.9106004422,478.3641004422,454.5428995578,1.1734504963
2010,9,13,480.9,484.35,479.53,482.27,2241500,482.27,466.7115,12.2794596465,478.9909596465,454.4320403535,1.2670345803
2010,9,10,479.02,479.79,475.08,476.14,1974300,476.14,466.9155,12.5817095629,479.4972095629,454.3337904371,0.7331674566
2010,9,9,477.83,480.4,470.58,476.18,2430600,476.18,467.709,13.6492501818,481.3582501818,454.0597498182,0.6206201723
2010,9,8,465.19,472.5,464.51,470.58,2401800,470.58,468.487,14.5699113533,483.0569113533,453.9170886467,0.1436522124
2010,9,7,464.5,467.59,463.02,464.4,1709900,464.4,470.1435,16.5668712782,486.7103712782,453.5766287218,-0.346685859
2010,9,3,470.52,471.88,467.44,470.3,2540400,470.3,472.191,18.2633195518,490.4543195518,453.9276804482,-0.1035408702
2010,9,2,462.84,464.43,460.31,463.18,1684200,463.18,473.687,19.2964635702,492.9834635702,454.3905364298,-0.5445039171
2010,9,1,454.98,464.94,452.5,460.33,3228300,460.33,475.933,20.5806293955,496.5136293955,455.3523706045,-0.7581400792
2010,8,31,450.11,454.87,448,450.02,1946800,450.02,478.2325,21.3021446598,499.5346446598,456.9303553402,-1.3243971652
2010,8,30,459.15,459.76,452.42,452.69,1231400,452.69,480.223,20.3665890227,500.5895890227,459.8564109773,-1.3518709475
2010,8,27,452.56,459.99,447.65,458.83,2312400,458.83,482.109,19.406632046,501.515632046,462.702367954,-1.1995383818
2010,8,26,456.06,457.26,450.44,450.98,1777000,450.98,483.41,18.6201351117,502.0301351117,464.7898648883,-1.7416629796
2010,8,25,450,457.81,450,454.62,2592100,454.62,485.1105,16.9836402629,502.0941402629,468.1268597371,-1.795286495
2010,8,24,457.7,458.37,450.92,451.39,2762700,451.39,486.597,15.4018980717,501.9988980717,471.1951019283,-2.2858870924
2010,8,23,461.5,468.25,457.73,464.07,2986200,464.07,488.659,13.0161401426,501.6751401426,475.6428598574,-1.8891161074
2010,8,20,467.97,471.59,461.02,462.02,3917600,462.02,489.904,11.6606749827,501.5646749827,478.2433250173,-2.3912852422
2010,8,19,481.01,482.51,467.25,467.97,3925000,467.97,491.306,9.6426963908,500.9486963908,481.6633036092,-2.4200699736
2010,8,18,490.44,490.87,481.55,482.15,2686400,482.15,492.148,8.1113958822,500.2593958822,484.0366041178,-1.2325868624
2010,8,17,488.53,494.7,486.03,490.52,1890700,490.52,491.9155,8.4716955831,500.3871955831,483.4438044169,-0.1647249935
2010,8,16,483.68,489.87,480.5,485.59,1305000,485.59,491.469,8.7788747031,500.2478747031,482.6901252969,-0.6696758068
2010,8,13,489,491.19,486.01,486.35,1934700,486.35,490.4985,10.3883478627,500.8868478627,480.1101521373,-0.3993416523
2010,8,12,483.94,494.75,482.51,492.01,2204600,492.01,489.1615,12.4637910407,501.6252910407,476.6977089593,0.2285420215
2010,8,11,497.73,498,491.5,491.74,2223000,491.74,489.262,12.4960303592,501.7580303592,476.7659696408,0.1983029753
2010,8,10,502.35,506,498.57,503.71,2074000,503.71,489.242,12.4921750666,501.7341750666,476.7498249334,1.1581650051
2010,8,9,502.25,505.5,501.36,505.35,1872200,505.35,488.5165,12.0201279768,500.5366279768,476.4963720232,1.4004426602
2010,8,6,505.4,505.74,496.05,500.22,3319500,500.22,487.0405,11.6510561866,498.6915561866,475.3894438134,1.1311850006
2010,8,5,505.89,508.6,503.56,508.1,2420400,508.1,485.404,11.9959538793,497.3999538793,473.4080461207,1.891971262
2010,8,4,492.18,507,491.05,506.32,3812500,506.32,482.827,12.3931318416,495.2201318416,470.4338681584,1.8956467421
2010,8,3,490.5,492.46,486.76,489.83,1802300,489.83,480.021,13.1255716266,493.1465716267,466.8954283734,0.7473198333
2010,8,2,488.99,493.28,486.94,490.41,1858700,490.41,477.333,16.1641237248,493.4971237248,461.1688762752,0.8090138521
2010,7,30,479.65,487.36,479.14,484.85,2144100,484.85,474.64,18.2259202352,492.8659202352,456.4140797648,0.560191193
2010,7,29,485.95,488.88,479.33,484.99,2675500,484.99,472.372,19.6547853019,492.0267853019,452.7172146981,0.641981065
2010,7,28,494.94,495.25,482.67,484.35,2496000,484.35,470.37,20.3295134174,490.6995134174,450.0404865826,0.6876701726
2010,7,27,490.58,497.5,490.17,492.63,2451200,492.63,468.8655,20.3538622935,489.2193622935,448.5116377065,1.1675671014
2010,7,26,489.09,490.75,484.88,488.97,1995200,488.97,467.838,19.5956237327,487.4336237327,448.2423762673,1.0784040502
2010,7,23,480.77,490.59,480.01,490.06,2264400,490.06,467.0235,19.0005488217,486.0240488217,448.0229511783,1.2124123475
2010,7,22,483.23,488.98,482.48,484.81,2147700,484.81,466.2755,18.3285163137,484.6040163137,447.9469836863,1.0112384267
2010,7,21,484,485.7,475.43,477.5,3279600,477.5,466.1375,18.191498846,484.328998846,447.946001154,0.6246049375
2010,7,20,461.03,482.99,460.6,481.59,4054500,481.59,466.575,18.5802103268,485.1552103268,447.9947896732,0.8081178704
2010,7,19,461.01,469.65,457.52,466.18,4550300,466.18,466.9235,18.938572523,485.862072523,447.984927477,-0.0392585027
2010,7,16,469.12,470.56,459.52,459.61,7824800,459.61,468.616,20.3300626245,488.9460626245,448.2859373755,-0.4429892896
2010,7,15,491.73,494.7,482.68,494.02,4858200,494.02,470.6395,21.3737439705,492.0132439705,449.2657560295,1.0938888401
2010,7,14,489.88,493.83,486.46,491.34,3118000,491.34,471.002,21.8473812956,492.8493812956,449.1546187044,0.9309124844
2010,7,13,482.25,492.99,480.28,489.2,3976300,489.2,471.3345,22.2206164288,493.5551164288,449.1138835712,0.804005598
2010,7,12,472.37,479.44,471.08,475.83,3334400,475.83,471.034,22.0058973914,493.0398973914,449.0281026086,0.2179415779
2010,7,9,471.96,473.26,462.78,467.49,4331500,467.49,471.6675,22.3311959929,493.9986959929,449.3363040071,-0.1870701418
2010,7,8,453.55,457.33,449.66,456.56,2668900,456.56,472.6435,22.5643562132,495.2078562132,450.0791437868,-0.7127834647
2010,7,7,438.31,451.29,435.38,450.2,3129700,450.2,473.5165,22.244841454,495.7613414541,451.271658546,-1.0481755983
2010,7,6,444,447.67,433.63,436.07,2560100,436.07,475.2455,21.6737106033,496.9192106033,453.5717893967,-1.8075123691
2010,7,2,441.62,442.28,436,436.55,1936000,436.55,477.718,19.700154047,497.418154047,458.017845953,-2.089729852
2010,7,1,445.29,448.4,433.63,439.49,3513600,439.49,480.8265,17.6618078216,498.4883078216,463.1646921784,-2.3404455771
2010,6,30,454.96,457.83,444.72,444.95,3603200,444.95,484.132,15.5822826515,499.7142826515,468.5497173485,-2.5145224789
2010,6,29,463.44,464.55,451.12,454.26,3502100,454.26,486.553,12.6620648104,499.2150648104,473.8909351896,-2.5503739306
2010,6,28,472.59,477.55,469.01,472.08,1762300,472.08,487.9585,10.2119147516,498.1704147516,477.7465852484,-1.5548993882
2010,6,25,477.06,477.65,470.56,472.68,2245200,472.68,488.636,9.5297204907,498.1657204907,479.1062795093,-1.6743408178
2010,6,24,479.66,482.75,473.26,475.1,1893600,475.1,489.525,8.7612258815,498.2862258815,480.7637741185,-1.6464590909
2010,6,23,486.89,486.89,478.16,482.05,2029100,482.05,489.5435,8.7294964435,498.2729964435,480.8140035565,-0.8584114844
2010,6,22,489.9,496.6,485.73,486.25,2219700,486.25,489.2945,9.0206596065,498.3151596065,480.2738403935,-0.3375030356
2010,6,21,499.9,500.97,484.89,488.56,2983500,488.56,488.84,9.4030213509,498.2430213509,479.4369786491,-0.0297776629
2010,6,18,502.51,503.47,498.13,500.03,2872900,500.03,488.0145,10.1258296476,498.1403296476,477.8886703524,1.1866188172
2010,6,17,503.45,505.87,496.69,500.08,1977300,500.08,486.7635,10.1087790272,496.8722790272,476.6547209728,1.3173203177
2010,6,16,496.17,504,496.11,501.27,2289300,501.27,486.481,9.7910022604,496.2720022604,476.6899977396,1.5104684492
2010,6,15,483.08,500.4,482.18,497.99,4259600,497.99,486.336,9.5796497024,495.9156497024,476.7563502976,1.2165371764
2010,6,14,494.48,494.5,483.19,483.19,2040400,483.19,486.835,10.4399493344,497.2749493344,476.3950506656,-0.3491396254
2010,6,11,482.5,488.71,481.62,488.5,1781700,488.5,488.052,11.3699361661,499.4219361661,476.6820638339,0.0394021561
2010,6,10,480.37,488.5,475.84,487.01,2577900,487.01,489.171,12.464913241,501.635913241,476.706086759,-0.1733666299
2010,6,9,487.22,488.88,472,474.02,2729000,474.02,490.09,12.964733541,503.054733541,477.125266459,-1.2395164119
2010,6,8,487.85,488.84,477.54,484.78,2685100,484.78,491.8415,13.0454340772,504.8869340772,478.7960659228,-0.5413005009
2010,6,7,499.06,500.91,483.15,485.52,3632700,485.52,493.685,14.5171327095,508.2021327095,479.1678672905,-0.5624388895
2010,6,4,499.72,509.25,496.7,498.72,3920300,498.72,494.066,14.3910101324,508.4570101324,479.6749898676,0.3233963396
2010,6,3,495.11,508,494.7,505.6,3650700,505.6,494.0635,14.3901634075,508.4536634075,479.6733365925,0.8016934675
2010,6,2,486.68,493.87,481.46,493.37,2540800,493.37,494.2715,14.5943090116,508.8658090116,479.6771909884,-0.0617706532
2010,6,1,480.43,491.06,480.12,482.37,2666800,482.37,494.9215,14.8394819299,509.7609819299,480.0820180701,-0.8458179375
2010,5,28,492.74,493.45,483,485.63,2894800,485.63,497.333,16.5165034212,513.8495034212,480.8164965788,-0.7085640163
2010,5,27,484.95,492.31,481.05,490.46,2809100,490.46,499.3365,17.4273666444,516.7638666444,481.9091333556,-0.5093425864
2010,5,26,482.07,489.76,475,475.47,3475600,475.47,501.4135,18.7397445006,520.1532445006,482.6737554994,-1.3844105505
2010,5,25,468.15,477.45,464.01,477.07,3017400,477.07,504.0995,18.675285237,522.774785237,485.424214763,-1.4473406782
2010,5,24,480.73,489.79,476.8,477.16,4345600,477.16,506.699,18.3300787893,525.0290787893,488.3689212107,-1.611504257
2010,5,21,469.06,485,464.4,472.05,9690800,472.05,509.423,17.748152491,527.171152491,491.674847509,-2.1057403028
2010,5,20,485.07,485.58,473.8,475.01,4913300,475.01,513.07,17.1482692084,530.2182692084,495.9217307916,-2.2194659728
2010,5,19,496.26,499.44,487.74,494.43,3445700,494.43,516.6725,16.2778441205,532.9503441205,500.3946558795,-1.366427878
2010,5,18,510,510.97,497.07,498.37,2825500,498.37,519.666,17.4360109513,537.1020109513,502.2299890487,-1.2213802836
2010,5,17,506.78,508.36,498.35,507.97,2793800,507.97,522.4995,18.3726067471,540.8721067471,504.1268932529,-0.7908240894
2010,5,14,509.77,510.99,496.25,507.53,4116000,507.53,524.606,19.0227499257,543.6287499257,505.5832500743,-0.8976620135
2010,5,13,516.5,522,510.37,510.88,3325800,510.88,526.737,19.392779747,546.129779747,507.344220253,-0.8176754548
2010,5,12,512.04,512.04,502,505.39,3851800,505.39,530.958,24.3209049347,555.2789049347,506.6370950653,-1.051276672
2010,5,11,515.67,519.88,508.22,509.05,3322600,509.05,535.1385,26.7584137825,561.8969137825,508.3800862175,-0.9749643687
2010,5,10,513.97,522.82,512.6,521.65,4128000,521.65,539.0245,28.3654937658,567.3899937658,510.6590062342,-0.6125223888
2010,5,7,499.97,505.32,481.33,493.14,5089000,493.14,541.5785,29.0110257216,570.5895257216,512.5674742784,-1.6696583039
2010,5,6,508.75,517.52,460,498.67,5000100,498.67,545.2325,27.130322495,572.362822495,518.102177505,-1.7162530968
2010,5,5,500.98,515.72,500.47,509.76,4582200,509.76,548.6735,25.2102254265,573.8837254265,523.4632745735,-1.5435601761
2010,5,4,526.52,526.74,504.21,506.37,6076300,506.37,551.3625,23.6617521429,575.0242521429,527.7007478571,-1.9014864042
2010,5,3,526.5,532.92,525.08,530.6,1857800,530.6,554.455,21.406185653,575.861185653,533.048814347,-1.1143975105
2010,4,30,531.13,537.68,525.44,525.7,2435400,525.7,556.4755,20.9380407958,577.4135407958,535.5374592042,-1.4698366624
2010,4,29,533.37,536.5,526.67,532,3058900,532,558.6305,19.7903630123,578.4208630123,538.8401369877,-1.3456296877
2010,4,28,532.1,534.83,521.03,529.19,3406100,529.19,560.3865,18.8382704746,579.2247704746,541.5482295254,-1.656017204
2010,4,27,528.95,538.33,527.23,529.06,3844700,529.06,562.2625,17.3798215953,579.6423215953,544.8826784047,-1.9104051108
2010,4,26,544.97,544.99,529.21,531.64,4368800,531.64,563.932,15.5275482187,579.4595482187,548.4044517813,-2.0796586522
2010,4,23,547.25,549.32,542.27,544.99,2089400,544.99,565.4845,13.5560328287,579.0405328287,551.9284671713,-1.5118361145
2010,4,22,552,552.5,543.35,547.06,3280700,547.06,566.379,12.6954421577,579.0744421577,553.6835578423,-1.5217272278
2010,4,21,556.46,560.25,552.16,554.3,2391500,554.3,566.8925,12.0649509236,578.9574509236,554.8275490764,-1.043725754
2010,4,20,554.17,559.66,551.06,555.04,2977400,555.04,566.6275,12.4093847657,579.0368847657,554.2181152343,-0.9337690964
2010,4,19,548.75,553.99,545,550.1,3894000,550.1,566.7505,12.3001974631,579.0506974631,554.4503025369,-1.3536774552
2010,4,16,563,568.81,549.63,550.15,12235500,550.15,567.2455,11.7831992238,579.0286992238,555.4623007762,-1.4508368801
2010,4,15,592.17,597.84,588.29,595.3,6761800,595.3,568.058,11.0817239776,579.1397239776,556.9762760224,2.4582817669
2010,4,14,590.06,592.34,584.01,589,3402700,589,566.571,9.0413598768,575.6123598768,557.5296401232,2.4807109003
2010,4,13,572.53,588.88,571.13,586.77,3912300,586.77,565.381,7.340139035,572.721139035,558.040860965,2.9139775007
2010,4,12,567.35,574,566.22,572.73,2352400,572.73,564.2015,5.3469413539,569.5484413539,558.8545586461,1.59502404
2010,4,9,567.49,568.77,564,566.22,2056600,566.22,564.542,6.0845850094,570.6265850094,558.4574149906,0.2757788736
2010,4,8,563.32,569.85,560.05,567.49,1947500,567.49,565.288,7.1265586292,572.4145586292,558.1614413708,0.3089850396
2010,4,7,567.3,568.75,561.86,563.54,2581000,563.54,565.736,7.5418002877,573.2778002877,558.1941997123,-0.2911771615
2010,4,6,569.46,570.89,565.4,568.22,2060100,568.22,565.5685,7.6298267036,573.1983267036,557.9386732964,0.3475177226
2010,4,5,570.9,574.88,569,571.01,1901500,571.01,565.2815,7.6327957732,572.9142957732,557.6487042268,0.7505113683
2010,4,1,571.35,573.45,565.55,568.8,2102700,568.8,564.9415,7.514730289,572.456230289,557.426769711,0.513458215
2010,3,31,565.05,569.74,562.81,567.12,3030800,567.12,564.231,7.7971708094,572.0281708094,556.4338291906,0.3705190088
2010,3,30,562.83,567.63,560.28,566.71,1977900,566.71,563.141,8.8277051318,571.9687051318,554.3132948682,0.4042953346
2010,3,29,563,564.72,560.57,562.45,3104500,562.45,561.8585,10.0592347072,571.9177347072,551.7992652928,0.0588016899
2010,3,26,565.27,567.39,560.02,562.69,2696200,562.69,560.3705,11.9840782422,572.3545782422,548.3864217578,0.1935484693
2010,3,25,559.02,572,558.66,562.88,3930900,562.88,558.576,14.1159452207,572.6919452207,544.4600547793,0.3049034218
2010,3,24,545.51,559.85,539.7,557.33,6565200,557.33,556.7535,15.7853180536,572.5388180536,540.9681819464,0.0365212787
2010,3,23,557.04,558.31,542,549,5501300,549,555.4605,16.7643655522,572.2248655522,538.6961344478,-0.3853709811
2010,3,22,556.11,566.85,554.28,557.5,4004800,557.5,554.764,17.3268384458,572.0908384458,537.4371615542,0.1579053218
2010,3,19,566.23,568,557.28,560,4792400,560,554.029,17.5154283569,571.5444283569,536.5135716431,0.3408994561
2010,3,18,564.72,568.44,562.96,566.4,1777200,566.4,553.067,17.6976344241,570.7646344241,535.3693655759,0.7533775238
2010,3,17,568.3,571.45,564.25,565.56,3321600,565.56,551.908,17.5368002843,569.4448002843,534.3711997157,0.7784772466
2010,3,16,561.83,568.42,560.76,565.2,3431500,565.2,550.5405,17.4824797937,568.0229797937,533.0580202063,0.8385252077
2010,3,15,566.68,569.45,556,563.18,4653900,563.18,549.3455,17.2428937231,566.5883937231,532.1026062769,0.8023305265
2010,3,12,588.14,588.28,579.16,579.54,2753400,579.54,547.8425,17.2835845073,565.1260845073,530.5589154927,1.8339656329
2010,3,11,574.26,586.21,574.2,581.14,4233300,581.14,545.6855,15.7427843037,561.4282843037,529.9427156963,2.252111146
2010,3,10,563.76,578.5,562.21,576.45,5654900,576.45,543.351,13.5123471412,556.8633471412,529.8386528588,2.4495374234
2010,3,9,559.85,564.66,556.5,560.19,3176600,560.19,541.3505,11.1006521738,552.4511521738,530.2498478262,1.6971525371
2010,3,8,564.78,565.18,561.01,562.48,2386400,562.48,540.0145,10.2924159483,550.3069159483,529.7220840517,2.1827236786
2010,3,5,561.35,567.67,559.9,564.21,3912200,564.21,538.455,8.9898190954,547.4448190954,529.4651809046,2.8649074833
2010,3,4,546.5,556.13,546.2,554.59,3183800,554.59,536.5835,7.0279721377,543.6114721377,529.5555278623,2.5621188655
2010,3,3,542.36,548.12,539.25,545.32,3089400,545.32,535.895,5.7247785524,541.6197785524,530.1702214476,1.6463518918
2010,3,2,535.48,545.66,535.01,541.06,4356800,541.06,535.185,5.3635058252,540.5485058252,529.8214941748,1.0953656417
2010,3,1,529.2,533.29,527.74,532.69,2237900,532.69,534.783,5.1987661492,539.9817661492,529.5842338508,-0.4025955275
2010,2,26,527.42,531.75,523.48,526.8,2049300,526.8,534.6455,5.2925573114,539.9380573114,529.3529426886,-1.4823646752
2010,2,25,527.12,528.49,520,526.43,3309200,526.43,535.02,4.9629235866,539.9829235866,530.0570764134,-1.730834628
2010,2,24,533.98,538.44,530.51,531.47,2326600,531.47,535.8035,4.7685507839,540.5720507839,531.0349492161,-0.9087666665
2010,2,23,543,543.63,532.29,535.07,2872600,535.07,536.351,4.8722964433,541.2232964433,531.4787035567,-0.2629150371
2010,2,22,547.35,547.5,541,542.8,2144600,542.8,536.5975,4.9284628489,541.5259628489,531.6690371511,1.2585059866
2010,2,19,540.53,544.03,539.7,540.76,2553100,540.76,536.958,5.6210605854,542.5790605854,531.3369394146,0.6763848107
2010,2,18,537.54,545.01,536.14,543.22,2336900,543.22,539.069,11.7311393533,550.8001393533,527.3378606467,0.3538445734
2010,2,17,542,543.4,537.61,538.21,2029700,538.21,540.9285,14.9340050943,555.8625050943,525.9944949057,-0.1820342221
2010,2,16,536.87,544.13,534.3,541.3,3654400,541.3,543.399,18.1921095967,561.5911095967,525.2068904033,-0.1153796919
2010,2,12,532.97,537.15,530.5,533.12,2279700,533.12,545.334,19.9320517865,565.2660517865,525.4019482135,-0.6127818717
2010,2,11,533.32,540.49,529.5,536.4,2410000,536.4,548.1705,22.0287191674,570.1992191674,526.1417808326,-0.5343252102
2010,2,10,534.07,537.79,527.69,534.45,2674500,534.45,550.705,23.4719697332,574.1769697332,527.2330302668,-0.6925281595
2010,2,9,539.54,541.53,535.07,536.44,2819600,536.44,553.5065,24.7392629076,578.2457629076,528.7672370924,-0.6898548297
2010,2,8,532.5,542,531.53,533.47,2694300,533.47,556.74,26.5511510307,583.2911510307,530.1888489693,-0.8764215146
2010,2,5,528.4,533.5,522.46,531.29,3156000,531.29,560.1675,27.7850197948,587.9525197948,532.3824802052,-1.0393190364
2010,2,4,537,538,525.56,526.78,3377700,526.78,563.308,27.8986784445,591.2066784445,535.4093215555,-1.3093093306
2010,2,3,528.67,542.1,528.23,540.82,2999100,540.82,567.382,28.2310270895,595.6130270895,539.1509729105,-0.9408796894
2010,2,2,534.96,534.96,527.61,531.12,4096200,531.12,571.5405,30.1713442777,601.7118442777,541.3691557223,-1.3396983452
2010,2,1,534.6,535.81,530.3,533.02,2250800,533.02,576.322,30.994827684,607.316827684,545.327172316,-1.3970718096
2010,1,29,538.49,540.99,525.61,529.94,4140500,529.94,580.67,30.698674067,611.368674067,549.971325933,-1.6525143688
2010,1,28,544.49,547,530.6,534.29,3229100,534.29,585.3095,29.621093742,614.930593742,555.688406258,-1.7224043259
2010,1,27,541.27,547.65,535.31,542.1,3964400,542.1,589.565,27.9734478427,617.5384478427,561.5915521573,-1.6967876204
2010,1,26,537.97,549.6,536.29,542.42,4355500,542.42,593.6035,26.5546794915,620.1581794915,567.0488205085,-1.927475721
2010,1,25,546.59,549.88,535.51,540,4419900,540,597.4065,24.1788320372,621.5853320372,573.2276679628,-2.3742461965
2010,1,22,564.5,570.6,534.86,550.01,6800400,550.01,600.9905,20.2081639248,621.1986639248,580.7823360752,-2.5227675404
2010,1,21,583.44,586.82,572.25,582.98,6307700,582.98,603.546,16.269800374,619.815800374,587.276199626,-1.2640597627
2010,1,20,585.98,585.98,575.29,580.41,3250700,580.41,604.331,15.5898326854,619.9208326854,588.7411673146,-1.5343974809
2010,1,19,581.2,590.42,576.29,587.62,4316700,587.62,605.1315,14.6814749994,619.8129749994,590.4500250006,-1.1927616265
2010,1,15,593.34,593.56,578.04,580,5434500,580,605.4475,14.3489746103,619.7964746103,591.0985253897,-1.7734716724
2010,1,14,583.9,594.2,582.81,589.85,4240100,589.85,606.3355,13.1943366938,619.5298366938,593.1411633062,-1.2494375718
2010,1,13,576.49,588.38,573.9,587.09,6496600,587.09,606.5,12.9970203063,619.4970203063,593.5029796937,-1.4934192255
2010,1,12,597.65,598.16,588,590.48,4853300,590.48,606.932,12.4499852462,619.3819852462,594.4820147538,-1.3214473491
2010,1,11,604.46,604.46,594.04,601.11,7212900,601.11,606.9335,12.4479003831,619.3814003831,594.4855996169,-0.4678299007
2010,1,8,592,603.25,589.11,602.02,4724300,602.02,606.453,12.8630773514,619.3160773514,593.5899226486,-0.3446298175
2010,1,7,609.4,610,592.65,594.1,6414300,594.1,605.803,13.4154749999,619.2184749999,592.3875250001,-0.872350774
2010,1,6,625.86,625.86,606.36,608.26,3978700,608.26,605.4505,13.8255181591,619.2760181591,591.6249818409,0.2032111902
2010,1,5,627.18,627.84,621.54,623.99,3004700,623.99,604.35,14.4519130039,618.8019130039,589.8980869961,1.3589896365
2010,1,4,626.95,629.51,624.24,626.75,1956200,626.75,602.401,14.2913886107,616.6923886107,588.1096113893,1.7037532645
